track_name,artist(s)_name,artist_count,released_year,released_month,released_day,in_spotify_playlists,in_spotify_charts,streams,in_apple_playlists,in_apple_charts,in_deezer_playlists,in_deezer_charts,in_shazam_charts,bpm,key,mode,danceability_%,valence_%,energy_%,acousticness_%,instrumentalness_%,liveness_%,speechiness_%,spotify_track_id,spotify_preview_url,spotify_album_cover_url,spotify_artist_image_url
Seven (feat. Latto) (Explicit Ver.),"Latto, Jung Kook",2,2023,7,14,553,147,141381703,43,263,45,10,826,125,B,Major,80,89,83,31,0,8,4,,,,https://i.scdn.co/image/ab6761610000e5eb40a7268dd742e5f63759b960
LALA,Myke Towers,1,2023,3,23,1474,48,133716286,48,126,58,14,382,92,C#,Major,71,61,74,7,0,10,4,7ABLbnD53cQK00mhcaOUVG,https://p.scdn.co/mp3-preview/42772b16b4e575d1b15b0ec7f94e335539390d2d?cid=6c77115735724c94af0b7a434aef3fc3,https://i.scdn.co/image/ab67616d0000b2730656d5ce813ca3cc4b677e05,https://i.scdn.co/image/ab6761610000e5eb9e35c3c5de877f99a8f6192f
vampire,Olivia Rodrigo,1,2023,6,30,1397,113,140003974,94,207,91,14,949,138,F,Major,51,32,53,17,0,31,6,1kuGVB7EU95pJObxwvfwKS,,https://i.scdn.co/image/ab67616d0000b273e85259a1cae29a8d91f2093d,https://i.scdn.co/image/ab6761610000e5ebe03a98785f3658f0b6461ec4
Cruel Summer,Taylor Swift,1,2019,8,23,7858,100,800840817,116,207,125,12,548,170,A,Major,55,58,72,11,0,11,15,1BxfuPKGuaTgP7aM0Bbdwr,,https://i.scdn.co/image/ab67616d0000b273e787cffec20aa2a396a61647,https://i.scdn.co/image/ab6761610000e5eb859e4c14fa59296c8649e0e4
WHERE SHE GOES,Bad Bunny,1,2023,5,18,3133,50,303236322,84,133,87,15,425,144,A,Minor,65,23,80,14,63,11,6,7ro0hRteUMfnOioTFI5TG1,https://p.scdn.co/mp3-preview/b9b7e4c982b33ee23c4867f7a3025e3598c35760?cid=6c77115735724c94af0b7a434aef3fc3,https://i.scdn.co/image/ab67616d0000b273ab5c9cd818ad6ed3e9b79cd1,https://i.scdn.co/image/ab6761610000e5eb9ad50e478a469448c6f369df
Sprinter,"Dave, Central Cee",2,2023,6,1,2186,91,183706234,67,213,88,17,946,141,C#,Major,92,66,58,19,0,8,24,2FDTHlrBguDzQkp7PVj16Q,,https://i.scdn.co/image/ab67616d0000b273e3a09a9ae3f1fa102c110e60,https://i.scdn.co/image/ab6761610000e5eb5fe7cabb8de1c0266cd2179c
Ella Baila Sola,"Eslabon Armado, Peso Pluma",2,2023,3,16,3090,50,725980112,34,222,43,13,418,148,F,Minor,67,83,76,48,0,8,3,3dnP0JxCgygwQH9Gm7q7nb,https://p.scdn.co/mp3-preview/5d39f3e17f1e20e2711d033001e48b8d4249b992?cid=6c77115735724c94af0b7a434aef3fc3,https://i.scdn.co/image/ab67616d0000b2732071a0c79802d9375a53bfef,https://i.scdn.co/image/ab6761610000e5eb730e71d60e047f1061a9e697
Columbia,Quevedo,1,2023,7,7,714,43,58149378,25,89,30,13,194,100,F,Major,67,26,71,37,0,11,4,6XbtvPmIpyCbjuT0e8cQtp,https://p.scdn.co/mp3-preview/e3d6df66fe67f618166a2cab858580ac8a96486a?cid=6c77115735724c94af0b7a434aef3fc3,https://i.scdn.co/image/ab67616d0000b273a00a817b017c6f6bf8460be9,https://i.scdn.co/image/ab6761610000e5eb2394e996716534bc2c937a1a
fukumean,Gunna,1,2023,5,15,1096,83,95217315,60,210,48,11,953,130,C#,Minor,85,22,62,12,0,28,9,4rXLjWdF2ZZpXCVTfWcshS,https://p.scdn.co/mp3-preview/f237ab921af697ba9b49e12fa167c2ce1a82d6b4?cid=6c77115735724c94af0b7a434aef3fc3,https://i.scdn.co/image/ab67616d0000b273017d5e26552345c4b1575b6c,https://i.scdn.co/image/ab6761610000e5eb6501f8a7d50c56e86e46f920
La Bebe - Remix,"Peso Pluma, Yng Lvcas",2,2023,3,17,2953,44,553634067,49,110,66,13,339,170,D,Minor,81,56,48,21,0,8,33,,,,https://i.scdn.co/image/ab6761610000e5eb3df5eb47e5d93bd2ca536a5a
un x100to,"Bad Bunny, Grupo Frontera",2,2023,4,17,2876,40,505671438,41,205,54,12,251,83,F#,Minor,57,56,72,23,0,27,5,,,,https://i.scdn.co/image/ab6761610000e5eb8f1a7e9f510bf0501e209c58
Super Shy,NewJeans,1,2023,7,7,422,55,58255150,37,202,21,5,168,150,F,Minor,78,52,82,18,0,15,7,5sdQOyqq2IDhvmx2lHOpwd,https://p.scdn.co/mp3-preview/dab062e2cc708a2680ce84953a3581c5a679a230?cid=6c77115735724c94af0b7a434aef3fc3,https://i.scdn.co/image/ab67616d0000b2733d98a0ae7c78a3a9babaf8af,https://i.scdn.co/image/ab6761610000e5eb5da361915b1fa48895d4f23f
Flowers,Miley Cyrus,1,2023,1,12,12211,115,1316855716,300,215,745,58,"1,021",118,,Major,71,65,68,6,0,3,7,7DSAEUvxU8FajXtRloy8M0,https://p.scdn.co/mp3-preview/5184d19d1b7fcc3e7c067e38af45a7cc80851440?cid=6c77115735724c94af0b7a434aef3fc3,https://i.scdn.co/image/ab67616d0000b273cd222052a2594be29a6616b5,https://i.scdn.co/image/ab6761610000e5ebb5af3b38f053486ab0784dee
Daylight,David Kushner,1,2023,4,14,3528,98,387570742,80,156,182,24,"1,281",130,D,Minor,51,32,43,83,0,9,3,1odExI7RdWc4BT515LTAwj,,https://i.scdn.co/image/ab67616d0000b27395ca6a9b4083a86c149934ae,https://i.scdn.co/image/ab6761610000e5eb12fd1bd22516e35ef8c2e591
As It Was,Harry Styles,1,2022,3,31,23575,130,2513188493,403,198,863,46,,174,F#,Minor,52,66,73,34,0,31,6,4Dvkj6JhhA12EX05fT7y2e,https://p.scdn.co/mp3-preview/c43dd07043b29e800c1a65b3a0102861fa3cf418?cid=6c77115735724c94af0b7a434aef3fc3,https://i.scdn.co/image/ab67616d0000b2732e8ed79e177ff6011076f5f0,https://i.scdn.co/image/ab6761610000e5ebf7db7c8ede90a019c54590bb
Kill Bill,SZA,1,2022,12,8,8109,77,1163093654,183,162,161,12,187,89,G#,Major,64,43,73,5,17,16,4,1Qrg8KqiBpW07V7PNxwwwL,https://p.scdn.co/mp3-preview/4bd2dc84016f3743add7eea8b988407b1b900672?cid=6c77115735724c94af0b7a434aef3fc3,https://i.scdn.co/image/ab67616d0000b2730c471c36970b9406233842a5,https://i.scdn.co/image/ab6761610000e5eb7eb7f6371aad8e67e01f0a03
Cupid - Twin Ver.,Fifty Fifty,1,2023,2,24,2942,77,496795686,91,212,78,6,0,120,B,Minor,78,76,59,43,0,34,3,7FbrGaHYVDmfr7KoLIZnQ7,https://p.scdn.co/mp3-preview/af5c16d4c69be9b3278e7079d5aab14aa425127b?cid=6c77115735724c94af0b7a434aef3fc3,https://i.scdn.co/image/ab67616d0000b27337c0b3670236c067c8e8bbcb,https://i.scdn.co/image/ab6761610000e5eb5a60b0f886b5deb8518e4a41
"What Was I Made For? [From The Motion Picture ""Barbie""]",Billie Eilish,1,2023,7,13,873,104,30546883,80,227,95,24,"1,173",78,,Major,44,14,9,96,0,10,3,,,,https://i.scdn.co/image/ab6761610000e5ebd8b9980db67272cb4d2c3daf
Classy 101,"Feid, Young Miko",2,2023,3,31,2610,40,335222234,43,100,54,14,187,100,B,Major,86,67,66,14,0,12,16,6XSqqQIy7Lm7SnwxS4NrGx,,https://i.scdn.co/image/ab67616d0000b27329ebee2b5fb008871fcd201a,https://i.scdn.co/image/ab6761610000e5eb0a248d29f8faa91f971e5cae
Like Crazy,Jimin,1,2023,3,24,596,68,363369738,8,104,23,2,29,120,G,Major,63,36,73,0,0,36,4,3Ua0m0YmEjrMi9XErKcNiR,https://p.scdn.co/mp3-preview/2db5f36096963d97afc870c50990d62d27858a43?cid=6c77115735724c94af0b7a434aef3fc3,https://i.scdn.co/image/ab67616d0000b2732b46078245d0120690eb560d,https://i.scdn.co/image/ab6761610000e5eb59f8cfc8e71dcaf8c6ec4bde
LADY GAGA,"Gabito Ballesteros, Junior H, Peso Pluma",3,2023,6,22,332,26,86444842,11,163,10,4,0,140,F,Minor,65,87,74,22,0,42,4,,,,https://i.scdn.co/image/ab6761610000e5eb730e71d60e047f1061a9e697
I Can See You (Taylors Version) (From The ,Taylor Swift,1,2023,7,7,516,38,52135248,73,119,42,1,150,123,F#,Major,69,82,76,6,0,6,3,5kHMfzgLZP95O9NBy0ku4v,,https://i.scdn.co/image/ab67616d0000b2730b04da4f224b51ff86e0a481,https://i.scdn.co/image/ab6761610000e5eb859e4c14fa59296c8649e0e4
I Wanna Be Yours,Arctic Monkeys,1,2013,1,1,12859,110,1297026226,24,98,582,2,73,135,,Minor,48,44,42,12,2,11,3,5XeFesFbtLpXzIVDNQP22n,https://p.scdn.co/mp3-preview/07de30bde8363d9ff78b72339245c151f67af451?cid=6c77115735724c94af0b7a434aef3fc3,https://i.scdn.co/image/ab67616d0000b2734ae1c4c5c45aabe565499163,https://i.scdn.co/image/ab6761610000e5eb7da39dea0a72f581535fb11f
"Peso Pluma: Bzrp Music Sessions, Vol. 55","Bizarrap, Peso Pluma",2,2023,5,31,1313,40,200647221,17,152,32,11,139,133,F,Minor,85,81,67,26,0,12,5,5AqiaZwhmC6dIbgWrD5SzV,https://p.scdn.co/mp3-preview/9d61998a29c2e8b52a7d46885352f5507eb219e2?cid=6c77115735724c94af0b7a434aef3fc3,https://i.scdn.co/image/ab67616d0000b27315583045b2fdb7d7bab10e81,https://i.scdn.co/image/ab6761610000e5eb730e71d60e047f1061a9e697
Popular (with Playboi Carti & Madonna) - The Idol Vol. 1 (Music from the HBO Original Series),"The Weeknd, Madonna, Playboi Carti",3,2023,6,2,1945,87,115364561,74,182,87,14,"1,093",99,C#,Major,85,83,68,7,0,36,20,,,,
SABOR FRESA,Fuerza Regida,1,2023,6,22,250,26,78300654,16,149,10,5,168,130,G,Minor,79,96,86,9,0,9,9,1UMm1Qs3u59Wvk53zBUE8r,https://p.scdn.co/mp3-preview/590ae0b69465339d97ef5db9f7e36fe0c452fbb4?cid=6c77115735724c94af0b7a434aef3fc3,https://i.scdn.co/image/ab67616d0000b273cfe3eb72c48b93971e53efd9,https://i.scdn.co/image/ab6761610000e5eb1b85fbf9507041aab224336d
Calm Down (with Selena Gomez),"Rma, Selena G",2,2022,3,25,7112,77,899183384,202,119,318,38,96,107,B,Major,80,82,80,43,0,14,4,,,,https://i.scdn.co/image/ab6761610000e5eb0c8eb928813cd06614c0710d
MOJABI GHOST,"Tainy, Bad Bunny",2,2023,6,29,859,40,61245289,35,109,41,14,211,122,F#,Minor,81,74,71,14,0,56,4,4eMKD8MRroxCqugpsxCCNb,https://p.scdn.co/mp3-preview/a6d8180d52b759c3e3db9aa78e841ffc06e26c17?cid=6c77115735724c94af0b7a434aef3fc3,https://i.scdn.co/image/ab67616d0000b273de7b9af78fbdda96c5a0635b,https://i.scdn.co/image/ab6761610000e5ebb50d43598b9074f0d6146127
Last Night,Morgan Wallen,1,2023,1,31,2420,19,429829812,52,107,15,1,325,204,F#,Major,52,52,68,46,0,15,4,7K3BhSpAxZBznislvUMVtn,,https://i.scdn.co/image/ab67616d0000b273705079df9a25a28b452c1fc9,https://i.scdn.co/image/ab6761610000e5eb21ed0100a3a4e5aa3c57f6dd
Dance The Night (From Barbie The Album),Dua Lipa,1,2023,5,25,2988,101,127408954,0,0,143,38,0,110,B,Minor,67,78,85,2,0,33,5,1vYXt7VSjH9JIM5oRRo7vA,https://p.scdn.co/mp3-preview/acaea048f50a3b30ca24b348c84a6047373baabb?cid=6c77115735724c94af0b7a434aef3fc3,https://i.scdn.co/image/ab67616d0000b2737dd3ba455ee3390cb55b0192,https://i.scdn.co/image/ab6761610000e5eb1bbee4a02f85ecc58d385c3e
Rush,Troye Sivan,1,2023,7,13,864,78,22581161,71,135,50,1,294,126,F,Minor,74,35,84,0,0,11,6,4ZnkygoWLzcGbQYCm3lkae,,https://i.scdn.co/image/ab67616d0000b27367103283a4eb57578a428252,https://i.scdn.co/image/ab6761610000e5eb26e8cb3ff6fc7744b312811b
TULUM,"Peso Pluma, Grupo Frontera",2,2023,6,28,266,34,52294266,20,185,13,8,197,168,F#,Major,56,63,87,39,0,11,5,7bPp2NmpmyhLJ7zWazAXMu,https://p.scdn.co/mp3-preview/164468e67b8da8053036c68533ffa473ab680c51?cid=6c77115735724c94af0b7a434aef3fc3,https://i.scdn.co/image/ab67616d0000b2732fb583ed96f8f35cbf2897ba,https://i.scdn.co/image/ab6761610000e5eb730e71d60e047f1061a9e697
Creepin',"The Weeknd, 21 Savage, Metro Boomin",3,2022,12,2,6036,88,843957510,113,149,245,23,27,98,C#,Minor,71,17,61,36,0,8,5,0GVaOXDGwtnH8gCURYyEaK,https://p.scdn.co/mp3-preview/a2b11e2f0cb8ef4a0316a686e73da9ec2b203e6e?cid=6c77115735724c94af0b7a434aef3fc3,https://i.scdn.co/image/ab67616d0000b273703d523982199b2d1f2c77f5,https://i.scdn.co/image/ab6761610000e5eb35ca7d2181258b51c0f2cf9e
Anti-Hero,Taylor Swift,1,2022,10,21,9082,56,999748277,242,142,165,9,310,97,E,Major,64,51,63,12,0,19,5,0V3wPSX9ygBnCm8psDIegu,,https://i.scdn.co/image/ab67616d0000b273bb54dde68cd23e2a268ae0f5,https://i.scdn.co/image/ab6761610000e5eb859e4c14fa59296c8649e0e4
TQG,"Karol G, Shakira",2,2023,2,23,4284,49,618990393,115,123,184,18,354,180,E,Minor,72,61,63,67,0,9,28,0DWdj2oZMBFSzRsi2Cvfzf,,https://i.scdn.co/image/ab67616d0000b27382de1ca074ae63cb18fce335,https://i.scdn.co/image/ab6761610000e5ebeb97a2403d7b9a631ce0f59c
Los del Espacio,"Big One, Duki, Lit Killah, Maria Becerra, FMK, Rusherking, Emilia, Tiago pzk",8,2023,6,1,1150,31,123122413,22,33,34,7,184,120,,Major,81,63,68,11,0,11,4,,,,https://i.scdn.co/image/ab67616d0000b273ba9f82cc282b2de6cf7c0246
Frgil (feat. Grupo Front,"Yahritza Y Su Esencia, Grupo Frontera",2,2023,4,7,672,34,188933502,19,108,24,9,212,150,F#,Major,61,39,73,37,0,11,3,,,,https://i.scdn.co/image/ab6761610000e5eb68d4ccdc175f594122f1eee1
Blank Space,Taylor Swift,1,2014,1,1,11434,53,1355959075,154,123,410,2,81,96,F,Major,75,57,68,9,0,13,6,1p80LdxRV74UKvL8gnD7ky,,https://i.scdn.co/image/ab67616d0000b2739abdf14e6058bd3903686148,https://i.scdn.co/image/ab6761610000e5eb859e4c14fa59296c8649e0e4
Style,Taylor Swift,1,2014,1,1,7830,42,786181836,94,111,151,4,82,95,D,Major,60,48,79,0,0,12,4,1hjRhYpWyqDpPahmSlUTlc,,https://i.scdn.co/image/ab67616d0000b273904445d70d04eb24d6bb79ac,https://i.scdn.co/image/ab6761610000e5eb859e4c14fa59296c8649e0e4
TQM,Fuerza Regida,1,2023,5,19,584,28,176553476,16,159,15,6,100,125,F,Minor,79,96,85,27,0,11,6,368eeEO3Y2uZUQ6S5oIjcu,https://p.scdn.co/mp3-preview/63f6b66cfcc3d7bd396dcbe18d6e3dee05fdb956?cid=6c77115735724c94af0b7a434aef3fc3,https://i.scdn.co/image/ab67616d0000b273832ea5d2f8c10f95fc3cc66d,https://i.scdn.co/image/ab6761610000e5eb1b85fbf9507041aab224336d
El Azul,"Junior H, Peso Pluma",2,2023,2,10,692,25,354495408,10,107,6,3,62,144,A,Minor,56,84,65,23,0,10,6,1haJsMtoBhHfvuM7XWuT3W,https://p.scdn.co/mp3-preview/f9df136c3a2d3c0c5424e2c4b75a303f35c08af5?cid=6c77115735724c94af0b7a434aef3fc3,https://i.scdn.co/image/ab67616d0000b27333ed356efed99b158c4267c6,https://i.scdn.co/image/ab6761610000e5ebb5ccab5d3dc10a08d89cbd76
Sunflower - Spider-Man: Into the Spider-Verse,"Post Malone, Swae Lee",2,2018,10,9,24094,78,2808096550,372,117,843,4,69,90,D,Major,76,91,50,54,0,7,5,0RiRZpuVRbi7oqRdSMwhQY,,https://i.scdn.co/image/ab67616d0000b2739478c87599550dd73bfa7e02,https://i.scdn.co/image/ab6761610000e5ebf1be22786da29b0a1284c0a5
I'm Good (Blue),"Bebe Rexha, David Guetta",2,2022,8,26,12482,80,1109433169,291,184,537,45,727,128,G,Minor,56,38,97,4,0,35,4,,,,https://i.scdn.co/image/ab6761610000e5ebc692afc666512dc946a7358f
See You Again,"Tyler The Creator, Kali Uchis",3,2017,7,21,13387,64,1047101291,77,58,247,1,311,79,F#,Major,56,58,56,37,0,11,10,7KA4W4McWYRpgf0fWsJZWB,https://p.scdn.co/mp3-preview/c703198293891e3b276800ea6b187cf7951d3d7d?cid=6c77115735724c94af0b7a434aef3fc3,https://i.scdn.co/image/ab67616d0000b2738940ac99f49e44f59e6f7fb3,https://i.scdn.co/image/ab6761610000e5eb8278b782cbb5a3963db88ada
Barbie World (with Aqua) [From Barbie The Album],"Nicki Minaj, Aqua, Ice Spice",3,2023,6,23,1117,80,65156199,82,145,65,16,"1,133",144,,Major,77,75,58,52,0,23,25,741UUVE2kuITl0c6zuqqbO,https://p.scdn.co/mp3-preview/f654928ccaa4e6a9fb09a6eb3f208383eccc12a9?cid=6c77115735724c94af0b7a434aef3fc3,https://i.scdn.co/image/ab67616d0000b2737e8f938c02fac3b564931116,https://i.scdn.co/image/ab6761610000e5eb03578c92e15089c645b794f5
Angels Like You,Miley Cyrus,1,2020,11,27,3372,19,570515054,65,48,138,1,102,122,F,Major,67,49,64,10,0,10,3,1daDRI9ahBonbWD8YcxOIB,https://p.scdn.co/mp3-preview/4db8314199c0d49e95c786792ecd06eadae9f510?cid=6c77115735724c94af0b7a434aef3fc3,https://i.scdn.co/image/ab67616d0000b2738cffb7c6c40759eaf8a5a142,https://i.scdn.co/image/ab6761610000e5ebb5af3b38f053486ab0784dee
I Ain't Worried,OneRepublic,1,2022,5,13,8431,76,1085685420,241,127,458,37,332,140,,Major,71,82,81,11,0,6,5,4h9wh7iOZ0GGn8QVp4RAOB,,https://i.scdn.co/image/ab67616d0000b273ec96e006b8bdfc582610ec13,https://i.scdn.co/image/ab6761610000e5eb57138b98e7ddd5a86ee97a9b
Die For You,The Weeknd,1,2016,11,24,2483,59,1647990401,68,21,24,0,259,134,C#,Minor,59,51,52,9,0,15,7,2LBqCSwhJGcFQeTHMVGwy3,,https://i.scdn.co/image/ab67616d0000b273a048415db06a5b6fa7ec4e1a,https://i.scdn.co/image/ab6761610000e5eb214f3cf1cbe7139c1e26ffbb
Starboy,"The Weeknd, Daft Punk",2,2016,9,21,29536,79,2565529693,281,137,"2,445",1,140,186,G,Major,68,49,59,16,0,13,28,7MXVkk9YMctZqd1Srtv4MB,,https://i.scdn.co/image/ab67616d0000b2734718e2b124f79258be7bc452,
Die For You - Remix,"Ariana Grande, The Weeknd",2,2023,2,24,3408,47,518745108,87,86,74,1,16,67,C#,Minor,53,50,53,23,0,44,7,,,,https://i.scdn.co/image/ab6761610000e5eb456c82553e0efcb7e13365b1
El Cielo,"Feid, Myke Towers, Sky Rompiendo",3,2023,6,2,1298,38,107753850,44,64,57,10,110,106,A#,Minor,72,17,64,7,0,10,5,,,,https://i.scdn.co/image/ab67616d0000b273863ba79db0ee1318cc5e53a9
Baby Don't Hurt Me,"David Guetta, Anne-Marie, Coi Leray",3,2023,4,6,4277,66,177740666,145,111,213,11,810,128,G,Major,60,23,91,0,0,12,3,3BKD1PwArikchz2Zrlp1qi,https://p.scdn.co/mp3-preview/a8f2e176e17e0f6298b42ef8e96118318fdd2b89?cid=6c77115735724c94af0b7a434aef3fc3,https://i.scdn.co/image/ab67616d0000b2730b4ef75c3728599aa4104f7a,https://i.scdn.co/image/ab6761610000e5ebd0448096d85094a6ec5e8fab
AMARGURA,Karol G,1,2023,2,24,1133,39,153372011,14,71,23,10,176,107,F#,Minor,92,55,70,18,0,15,7,505v13epFXodT9fVAJ6h8k,,https://i.scdn.co/image/ab67616d0000b27382de1ca074ae63cb18fce335,https://i.scdn.co/image/ab6761610000e5ebeb97a2403d7b9a631ce0f59c
(It Goes Like) Nanana - Edit,Peggy Gou,1,2023,6,15,2259,59,57876440,0,0,109,17,0,130,G,Minor,67,96,88,12,19,8,4,23RoR84KodL5HWvUTneQ1w,https://p.scdn.co/mp3-preview/e36e0bd4714844f1f9d992398b41a3e333f15cc9?cid=6c77115735724c94af0b7a434aef3fc3,https://i.scdn.co/image/ab67616d0000b27388d71aadd009fe1a83df88f2,https://i.scdn.co/image/ab6761610000e5ebdf5c17aa075c03c5c4d2c693
Another Love,Tom Odell,1,2012,10,15,18371,83,1813673666,250,122,"3,394",19,,123,E,Minor,45,13,54,70,0,9,4,3JvKfv6T31zO0ini8iNItO,https://p.scdn.co/mp3-preview/0369cb748bc968ffd34fb4ac60f5403f2aad032f?cid=6c77115735724c94af0b7a434aef3fc3,https://i.scdn.co/image/ab67616d0000b2731917a0f3f4152622a040913f,https://i.scdn.co/image/ab6761610000e5eb532e8dd8ba9fbd5e78105a78
Blinding Lights,The Weeknd,1,2019,11,29,43899,69,3703895074,672,199,"3,421",20,,171,C#,Major,50,38,80,0,0,9,7,0VjIjW4GlUZAMYd2vXMi3b,,https://i.scdn.co/image/ab67616d0000b2738863bc11d2aa12b54f5aeb36,https://i.scdn.co/image/ab6761610000e5eb214f3cf1cbe7139c1e26ffbb
Moonlight,Kali Uchis,1,2023,2,24,2649,42,256483385,67,79,57,1,615,137,G,Minor,64,88,72,51,0,17,5,0JmnkIqdlnUzPaf8sqBRs3,,https://i.scdn.co/image/ab67616d0000b27381fccd758776d16b87721b17,https://i.scdn.co/image/ab6761610000e5eb51dfdac248da65a860963b68
La Bachata,Manuel Turizo,1,2022,5,26,6804,45,1214083358,139,111,161,15,210,125,G,Minor,84,85,68,58,0,22,4,5ww2BF9slyYgNOk37BlC4u,https://p.scdn.co/mp3-preview/0232b53fd7849e6696e1ab3099dd01dd00823f17?cid=6c77115735724c94af0b7a434aef3fc3,https://i.scdn.co/image/ab67616d0000b273c9f744b0d62da795bc21d04a,https://i.scdn.co/image/ab6761610000e5ebabd3e69b432d6187cf4e28c3
S91,Karol G,1,2023,7,14,525,41,16011326,34,115,39,6,216,128,,Minor,86,42,72,59,0,9,19,7EpOXgSRgnglRWr86pZfGU,,https://i.scdn.co/image/ab67616d0000b273890cfb712167a0186918644e,https://i.scdn.co/image/ab6761610000e5ebeb97a2403d7b9a631ce0f59c
cardigan,Taylor Swift,1,2020,7,24,7923,29,812019557,106,112,142,4,215,130,,Minor,61,53,58,55,0,27,4,4R2kfaDFhslZEMJqAFNpdd,,https://i.scdn.co/image/ab67616d0000b27395f754318336a07e85ec59bc,https://i.scdn.co/image/ab6761610000e5eb859e4c14fa59296c8649e0e4
T,"dennis, MC Kevin o Chris",2,2023,5,4,731,15,111947664,27,17,73,4,167,130,B,Major,86,59,96,50,1,9,5,35FW5OEe4p38LdjK1KqT2X,https://p.scdn.co/mp3-preview/eaa522f48564e43e33e00c011aef0489526d1072?cid=6c77115735724c94af0b7a434aef3fc3,https://i.scdn.co/image/ab67616d0000b273ddfc406de0d7dbc2e339f016,https://i.scdn.co/image/ab6761610000e5eb8a1ec9781a1542458b3b961b
Boy's a liar Pt. 2,"PinkPantheress, Ice Spice",2,2023,2,3,5184,41,156338624,154,84,102,14,37,133,F,Major,70,86,81,25,0,25,5,6AQbmUe0Qwf5PZnt4HmTXv,https://p.scdn.co/mp3-preview/543d8d09a5530a1ab94dd0c6f83fc4ee3e0d7f96?cid=6c77115735724c94af0b7a434aef3fc3,https://i.scdn.co/image/ab67616d0000b2739567e1aa41657425d046733b,https://i.scdn.co/image/ab6761610000e5eb5168e912bd9bd91607cd07dd
Left and Right (Feat. Jung Kook of BTS),"Charlie Puth, BTS, Jung Kook",3,2022,6,24,3107,39,720434240,38,0,4,0,0,101,D,Major,88,72,59,62,0,9,3,5Odq8ohlgIbQKMZivbWkEo,https://p.scdn.co/mp3-preview/9e4342eefa4f33df4e9b199e60dbce0f59e46eff?cid=6c77115735724c94af0b7a434aef3fc3,https://i.scdn.co/image/ab67616d0000b27335d2e0ed94a934f2cc46fa49,
BESO,"Rauw Alejandro, ROSAL",2,2023,3,24,4053,50,357925728,82,121,182,12,171,95,F,Minor,77,53,64,74,0,17,14,,,,https://i.scdn.co/image/ab6761610000e5eb9047f938310ea16b68a5bdeb
Hey Mor,"Ozuna, Feid",2,2022,10,6,4637,38,674072710,63,79,89,11,16,98,C#,Minor,90,40,59,0,0,10,29,1zsPaEkglFvxjAhrM8yhpr,https://p.scdn.co/mp3-preview/cd2d2242b748408da15c2b66f47d54b3f0793ae0?cid=6c77115735724c94af0b7a434aef3fc3,https://i.scdn.co/image/ab67616d0000b273125624f2e04f5a1ccb0dfb45,https://i.scdn.co/image/ab6761610000e5ebd45efec1d439cfd8bd936421
Yellow,Chris Molitor,1,1999,1,1,31358,43,1755214421,196,2,"4,053",5,0,173,B,Major,43,28,66,0,0,23,3,6tvs7zEP8d1SBgSqZQ84OT,https://p.scdn.co/mp3-preview/ea93f9b43fc638111ad661719037bfb88cd9c05d?cid=6c77115735724c94af0b7a434aef3fc3,https://i.scdn.co/image/ab67616d0000b273be011d16b9360a7dee109774,https://i.scdn.co/image/ab6761610000e5eb03851b1c2471a8c0b57371c4
Karma,Taylor Swift,1,2022,10,21,3818,23,404562836,37,55,32,0,272,90,G#,Major,64,10,62,7,0,48,7,7KokYm8cMIXCsGVmUvKtqf,,https://i.scdn.co/image/ab67616d0000b273bb54dde68cd23e2a268ae0f5,https://i.scdn.co/image/ab6761610000e5eb859e4c14fa59296c8649e0e4
People,Libianca,1,2022,12,2,3506,56,373199958,105,64,169,8,529,198,A#,Minor,59,71,42,55,0,10,7,26b3oVLrRUaaybJulow9kz,https://p.scdn.co/mp3-preview/abcbc9adf10ae4901b40b80a30dc194d589c2d62?cid=6c77115735724c94af0b7a434aef3fc3,https://i.scdn.co/image/ab67616d0000b273fc342f95f117d48dbdde9735,https://i.scdn.co/image/ab6761610000e5eb6a42e7c32ead029c0285c12f
Overdrive,Post Malone,1,2023,7,14,410,36,14780425,36,32,31,1,26,140,C#,Major,56,48,73,0,0,35,4,3t0ic4mkhvhamrKDkulB8v,,https://i.scdn.co/image/ab67616d0000b27372694fed173af6d24d22eefb,https://i.scdn.co/image/ab6761610000e5eb6be070445b03e0b63147c2c1
Enchanted (Taylor's Version),Taylor Swift,1,2023,7,7,148,24,39578178,32,93,8,2,5,82,G#,Major,51,22,53,1,0,15,3,3sW3oSbzsfecv9XoUdGs7h,,https://i.scdn.co/image/ab67616d0000b2730b04da4f224b51ff86e0a481,https://i.scdn.co/image/ab6761610000e5eb859e4c14fa59296c8649e0e4
BABY HELLO,"Rauw Alejandro, Bizarrap",2,2023,6,23,1004,35,54266102,42,80,58,3,169,130,C#,Minor,77,84,89,17,0,43,5,2SOvWt6igzXViIjIiWNWEP,https://p.scdn.co/mp3-preview/8a9ca6c81e6e6ad48758f02017456405fd7a476d?cid=6c77115735724c94af0b7a434aef3fc3,https://i.scdn.co/image/ab67616d0000b2730ff08e0346b55268e735a4e9,https://i.scdn.co/image/ab6761610000e5eb14add0d3419426b84158b913
Heat Waves,Glass Animals,1,2020,6,28,22543,63,2557975762,386,144,707,28,,81,B,Major,76,53,53,44,0,9,9,3USxtqRwSYz57Ewm6wWRMp,,https://i.scdn.co/image/ab67616d0000b273712701c5e263efc8726b1464,https://i.scdn.co/image/ab6761610000e5eb66b27eccb69756f8eceabc23
golden hour,JVKE,1,2022,7,15,4511,36,751134527,70,58,109,18,230,94,C#,Minor,51,14,59,65,18,25,3,5odlY52u43F5BjByhxg7wg,https://p.scdn.co/mp3-preview/bcc17f30841d6fbf3cd7954c3e3cf669f11b6a21?cid=6c77115735724c94af0b7a434aef3fc3,https://i.scdn.co/image/ab67616d0000b273c2504e80ba2f258697ab2954,https://i.scdn.co/image/ab6761610000e5ebce33386a81a202e149934ec1
Sweater Weather,The Neighbourhood,1,2012,5,14,16413,61,2282771485,166,87,"1,056",1,,124,A#,Major,61,41,81,5,2,10,3,2QjOHCTQ1Jl3zawyYOpxh6,https://p.scdn.co/mp3-preview/877602f424a9dea277b13301ffc516f9fd1fbe7e?cid=6c77115735724c94af0b7a434aef3fc3,https://i.scdn.co/image/ab67616d0000b2738265a736a1eb838ad5a0b921,https://i.scdn.co/image/ab6761610000e5ebdf0b5ac84376a0a4b2166816
"Quevedo: Bzrp Music Sessions, Vol. 52","Bizarrap, Quevedo",2,2022,7,6,8506,45,1356565093,94,65,164,14,176,128,D,Major,62,55,78,1,3,23,4,2tTmW7RDtMQtBk7m2rYeSw,https://p.scdn.co/mp3-preview/e9c0ed735e611f6af45bc946bd4c31590df09ed6?cid=6c77115735724c94af0b7a434aef3fc3,https://i.scdn.co/image/ab67616d0000b2731630dd349221a35ce03a0ccf,https://i.scdn.co/image/ab6761610000e5eb14add0d3419426b84158b913
Viva La Vida,Coldplay,1,2008,1,1,33898,62,1592909789,233,0,"4,095",9,0,138,F,Minor,49,42,62,9,0,11,3,1mea3bSkSGXuIRvnydlB5b,https://p.scdn.co/mp3-preview/fb9f4a9b0887326776b4fb7c6d331acd167a7778?cid=6c77115735724c94af0b7a434aef3fc3,https://i.scdn.co/image/ab67616d0000b273e21cc1db05580b6f2d2a3b6e,https://i.scdn.co/image/ab6761610000e5eb989ed05e1f0570cc4726c2d3
Here With Me,d4vd,1,2022,7,17,3246,23,635412045,94,85,68,1,84,132,E,Major,58,27,48,50,0,12,3,5LrN7yUQAzvthd4QujgPFr,,https://i.scdn.co/image/ab67616d0000b27364fa1bda999f4fbd2b7c4bb7,https://i.scdn.co/image/ab6761610000e5ebad447187a35f422307e88ad3
Unholy (feat. Kim Petras),"Sam Smith, Kim Petras",2,2022,9,22,8576,42,1230675890,216,108,331,26,154,131,D,Major,71,24,47,1,0,27,9,3nqQXoyQOWXiESFLlDF1hG,,https://i.scdn.co/image/ab67616d0000b273a935e4689f15953311772cc4,https://i.scdn.co/image/c589b50021995a40811097e48a9c65f9c4b423ea
Yandel 150,"Yandel, Feid",2,2022,12,20,3618,38,585695368,47,74,80,14,194,168,F#,Minor,78,58,73,5,0,10,7,4FAKtPVycI4DxoOHC01YqD,https://p.scdn.co/mp3-preview/338ed053ce26ccc3313b00b5e6153e60ffd2eb19?cid=6c77115735724c94af0b7a434aef3fc3,https://i.scdn.co/image/ab67616d0000b273b2aec01b56eeb74610532700,https://i.scdn.co/image/ab6761610000e5eb7dbaf2fabcbd4b37168397fd
CORAZN VA,Maria Becerra,1,2023,6,22,370,20,43857627,12,16,18,4,93,98,C#,Major,68,40,79,33,0,30,6,,,,https://i.scdn.co/image/ab6761610000e5ebb6cfa517b8f5a152d63c4ffb
Riptide,Vance Joy,1,1975,1,1,31123,55,2009094673,300,65,"1,003",1,0,102,C#,Major,48,50,73,43,0,15,4,3JvrhDOgAt6p7K8mDyZwRd,https://p.scdn.co/mp3-preview/74698d907d114f4ba0b2c129bbf260724be80b64?cid=6c77115735724c94af0b7a434aef3fc3,https://i.scdn.co/image/ab67616d0000b273a9929deb093a6617d2493b03,https://i.scdn.co/image/ab6761610000e5eb8f074ec8c25406680bf26422
Until I Found You (with Em Beihold) - Em Beihold Version,"Em Beihold, Stephen Sanchez",2,2022,4,22,2790,30,600976848,60,96,71,0,115,101,A#,Major,34,32,57,78,0,20,3,,,,https://i.scdn.co/image/ab6761610000e5eb1e97fce6fa6fc4ebc3ebda25
Novidade na ,"Mc Livinho, DJ Matt D",2,2023,6,23,267,9,39709092,9,6,25,2,72,130,F,Major,63,36,34,76,0,35,9,2uhw2oYbugGJbn10wipNX5,https://p.scdn.co/mp3-preview/6bff8c1079d87a672d6b9ee5c3c6ca5e7d9ff45b?cid=6c77115735724c94af0b7a434aef3fc3,https://i.scdn.co/image/ab67616d0000b273369c960fed23353176da1218,https://i.scdn.co/image/ab6761610000e5ebd353ef9564cfbb5f2b3bffb2
Back To December (Taylor's Version),Taylor Swift,1,2023,7,7,139,17,39228929,16,72,5,0,8,142,D,Major,50,20,64,1,0,12,3,79uDOz0zuuWS7HWxzMmTa2,,https://i.scdn.co/image/ab67616d0000b2730b04da4f224b51ff86e0a481,https://i.scdn.co/image/ab6761610000e5eb859e4c14fa59296c8649e0e4
STAY (with Justin Bieber),"Justin Bieber, The Kid Laroi",2,2021,7,9,17050,36,2665343922,492,99,798,31,0,170,C#,Major,59,48,76,4,0,10,5,,,,
El Merengue,"Marshmello, Manuel Turizo",2,2023,3,3,2114,44,223633238,80,75,110,11,323,124,G#,Minor,78,70,68,3,1,11,4,51FvjPEGKq2zByeeEQ43V9,https://p.scdn.co/mp3-preview/a933b6e1d6a47e591c13192f2b5e58739d3d5a06?cid=6c77115735724c94af0b7a434aef3fc3,https://i.scdn.co/image/ab67616d0000b273f404676577626a87d92cf33f,https://i.scdn.co/image/ab6761610000e5eb41e4a3b8c1d45a9e49b6de21
Someone You Loved,Lewis Capaldi,1,2018,11,8,17836,53,2887241814,440,125,"1,800",0,,110,C#,Major,50,45,41,75,0,11,3,7qEHsqek33rTcFNT9PFqLf,,https://i.scdn.co/image/ab67616d0000b273fc2101e6889d6ce9025f85f2,https://i.scdn.co/image/ab6761610000e5ebea7538654040e553a7b0fc28
Me Porto Bonito,"Chencho Corleone, Bad Bunny",2,2022,5,6,8870,43,1440757818,104,120,141,26,49,92,C#,Minor,91,43,71,9,0,9,8,,,,https://i.scdn.co/image/ab6761610000e5eb2e862710857d2b3e1b5fb4f4
Makeba,Jain,1,2015,6,22,6060,53,165484133,150,148,"2,703",22,"1,451",116,D,Major,82,40,66,39,51,25,7,4TNFLwe6DhtR3Wn1JKMqMJ,https://p.scdn.co/mp3-preview/41db29480f9d12734adf491d3b5dd4da1005047c?cid=6c77115735724c94af0b7a434aef3fc3,https://i.scdn.co/image/ab67616d0000b27364ba66f8a81c52364e55db50,https://i.scdn.co/image/ab6761610000e5eb673f287fead1f6c83b9b68ea
MONTAGEM - FR PUNK,"Ayparia, unxbected",2,2012,6,20,641,50,58054811,1,52,8,0,"1,170",129,A,Major,63,84,82,70,8,9,7,,,,https://i.scdn.co/image/ab6761610000e5eb85a54675cc99eca02c11797a
Fast Car,Luke Combs,1,2023,3,24,1446,12,157058870,57,97,35,0,429,98,G#,Major,71,67,60,19,0,12,3,1Lo0QY9cvc8sUB2vnIOxDT,https://p.scdn.co/mp3-preview/1dc0426c95058783e0fe1d70c41583ca98317108?cid=6c77115735724c94af0b7a434aef3fc3,https://i.scdn.co/image/ab67616d0000b273ca650d3a95022e0490434ba1,https://i.scdn.co/image/ab6761610000e5eb5db6179b28f7e3654898b279
What It Is (Solo Version),Doechii,1,2023,3,17,804,25,95131998,29,76,24,0,162,172,C#,Minor,74,76,76,6,0,10,9,73RbfOTJIjHzi2pcVHjeHM,,https://i.scdn.co/image/ab67616d0000b2732ee85751f6f503fa9a533eba,https://i.scdn.co/image/ab6761610000e5eb5f9f729e1e5182fbf1030dbe
Coco Chanel,"Bad Bunny, Eladio Carrion",2,2023,3,17,1962,38,250305248,28,89,29,5,82,150,D,Major,68,14,76,4,0,10,4,,,,https://i.scdn.co/image/ab6761610000e5eb87ff3d09a0fdb1fbdaed417b
Dont Bl,Taylor Swift,1,2017,11,8,4875,23,685032533,19,45,0,0,10,136,A,Minor,62,19,53,11,0,6,4,59ZmeIz57cGU5Gp9omjlYB,,https://i.scdn.co/image/ab67616d0000b273727a2e497acecc218412dfe6,https://i.scdn.co/image/ab6761610000e5eb859e4c14fa59296c8649e0e4
Still With You,Jung Kook,1,2020,6,5,31,39,38411956,2,107,8,0,0,88,C#,Minor,53,34,47,9,0,83,4,0eFMbKCRw8KByXyWBw8WO7,https://p.scdn.co/mp3-preview/af2a740e10a6956dedd7e7f66fd65d7166e9187f?cid=6c77115735724c94af0b7a434aef3fc3,https://i.scdn.co/image/ab67616d0000b273a7f42c375578df426b37638d,https://i.scdn.co/image/ab6761610000e5eb40a7268dd742e5f63759b960
All My Life (feat. J. Cole),"J. Cole, Lil Durk",2,2023,5,12,2175,23,144565150,69,145,69,2,478,143,D#,Major,83,69,44,15,0,10,33,,,,https://i.scdn.co/image/ab67616d0000b273d092fc596478080bb0e06aea
Say Yes To Heaven,Lana Del Rey,1,2023,3,17,2000,46,127567540,49,105,63,1,0,100,F#,Minor,49,17,35,71,9,11,3,6GGtHZgBycCgGBUhZo81xe,,https://i.scdn.co/image/ab67616d0000b273aa27708d07f49c82ff0d0dae,https://i.scdn.co/image/ab6761610000e5ebb99cacf8acd5378206767261
Snooze,SZA,1,2022,12,9,2839,25,399686758,58,156,42,1,236,143,F,Major,56,39,55,14,0,11,13,4iZ4pt7kvcaH6Yo8UoZ4s2,https://p.scdn.co/mp3-preview/8c53920b5fd2c3178afa36cac9eec68b5ee9204a?cid=6c77115735724c94af0b7a434aef3fc3,https://i.scdn.co/image/ab67616d0000b27370dbc9f47669d120ad874ec1,https://i.scdn.co/image/ab6761610000e5eb7eb7f6371aad8e67e01f0a03
Summertime Sadness,Lana Del Rey,1,2011,1,1,20333,52,983637508,89,143,"1,632",3,200,112,C#,Minor,56,24,66,7,0,12,3,1Ist6PR2BZR3n2z2Y5R6S1,,https://i.scdn.co/image/ab67616d0000b273f894be72a77b1488292672c7,https://i.scdn.co/image/ab6761610000e5ebb99cacf8acd5378206767261
Take Two,BTS,1,2023,6,9,674,47,118482347,20,106,25,4,78,93,G,Major,62,57,59,3,0,38,3,5IAESfJjmOYu7cHyX557kz,https://p.scdn.co/mp3-preview/ef43da30a06fcad16898e9fff1cadd0ccf953fc9?cid=6c77115735724c94af0b7a434aef3fc3,https://i.scdn.co/image/ab67616d0000b2738a701e76e8845928f6cd81c8,https://i.scdn.co/image/ab6761610000e5ebd642648235ebf3460d2d1f6a
